{"statusCode":200,"body":"[{\"balance\":1000,\"rate\":0.05,\"userId\":\"demo-user\",\"debtId\":\"05f9c13c-740f-45a0-b1a1-743153f96daa\",\"payment\":100,\"createdAt\":\"2025-06-22T15:33:38.125Z\",\"name\":\"Test Loan\"},{\"balance\":1500,\"rate\":0.07,\"userId\":\"demo-user\",\"debtId\":\"7b3b0eb4-8460-4ca6-85fd-cedccb4d0f84\",\"payment\":150,\"createdAt\":\"2025-06-22T15:42:38.759Z\",\"name\":\"Sample Loan\"},{\"balance\":1000,\"rate\":0.05,\"userId\":\"demo-user\",\"debtId\":\"867094af-38ec-455f-b566-cd68f8e9aedb\",\"payment\":100,\"createdAt\":\"2025-06-22T14:38:43.655Z\",\"name\":\"Test Loan\"}]"}